;;;;;;;
;;;;;;;
;;;;;;;
;;;;;;;
;;106;;;31-40;;
;;106-107;;;;;
;;107;;;32-40;;
;;110;;;18-41;;
;;111;;;19-41;;
;;112;;;20-41;;
;;113;;;21-41;;
;;124;;;32-33-41;;
;;124-125;;;;;
;;126;;;34-41-42;;
;;126-144;;;;;
;;128;;;18-42;;
;;129;;;19-42;;
;;130;;;20-42;;
;;14;;;25-34;;
;;142;;;32-42;;
;;143;;;33-42;;
;;146;;;18-43;;
;;147;;;19-43;;
;;147-148;;;20-43;;
;;15;;;26-34;;
;;160;;;32-43;;
;"if [ ""$NameOut"" == """;161;""" ];then NameTiff=""";25-50;""""";fi"
;;161-162;;;;;
;;162;;;34-43;;
;;164;;;18-44;;
;;165;;;19-44;;
;;179;;;33-44;;
;;207;;;24-46;;
;;208;;;25-46;;
;;209;;;26-46;;
;;225;;;23-47;;
;;226;;;24-47;;
;;227;;;25-47;;
;;228;;;26-47;;
;;229;;;27-47;;
;;230;;;28-47;;
;;243;;;22-48;;
;;244;;;23-48;;
;;245;;;24-48;;
;;246;;;25-48;;
;;247;;;26-48;;
;;248;;;27-48;;
;;249;;;28-48;;
;;253;;;32-48;;
;;254-273;;;;;
;;255;;;34-48-49;;
;;26;;;25-35;;
;;261;;;21-49;;
;;262;;;22-49;;
;;263;;;23-49;;
;;264;;;24-49;;
;;265;;;25-49;;
;;266;;;26-49;;
;;267;;;27-49;;
;;268;;;28-49;;
;;269;;;29-49;;
;;27;;;26-35;;
;;272;;;32-49;;
;;273;;;33-48-49;;
;;274;;;34-49-50;;
;;275;;;35-49-50;;
;;276;;;20-50;;
;;276-277;;;;;
;;277;;;21-50;;
;;278;;;22-50;;
;;279;;;23-50;;
;;28;;;27-35;;
;;280;;;24-50;;
;;281;;;25-50;;
;;282;;;26-50;;
;;283;;;27-50;;
;;284;;;28-50;;
;;285;;;29-50;;
;;288;;;32-50;;
;;291;;;20-51;;
;;292;;;21-51;;
;;293;;;22-51;;
;;294;;;23-51;;
;;295;;;24-51;;
;;296;;;25-51;;
;;297;;;26-51;;
;;298;;;27-51;;
;;299;;;28-51;;
;;300;;;29-51;;
;;300-301;;;;;
;;301;;;30-51;;
;;304;;;33-34-51;;
;;305;;;21-52;;
;;306;;;22-52;;
;;307;;;23-52;;
;;308;;;24-52;;
;;309;;;25-52;;
;;310;;;26-52;;
;;311;;;27-52;;
;;312;;;28-52;;
;;313;;;29-52;;
;;314;;;30-52;;
;;315;;;22-53;;
;;316;;;23-53;;
;;317;;;24-53;;
;;318;;;25-53;;
;;319;;;26-53;;
;;321;;;28-53;;
;;322;;;29-53;;
;;323;;;30-53;;
;;324;;;24-54;;
;;325;;;25-54;;
;;326;;;26-54;;
;;328;;;28-54;;
;;329;;;29-54;;
;;330;;;30-54;;
;;331;;;25-55;;
;;332;;;26-55;;
;;334;;;28-55;;
;;335;;;29-55;;
;;39;;;25-36;;
;;40;;;26-36;;
;;41;;;27-36;;
;;42;;;28-35;;
;;45;;;31-35;;
;;46;;;32-36;;
;;53;;;26-37;;
;;54;;;27-37;;
;;55;;;28-37;;
;;56;;;29-37;;
;;57;;;30-37;;
;;58;;;31-37;;
;;59;;;32-37;;
;;60;;;33-37;;
;;62;;;20-52;;
;;66K;;;36-53;;
;;67U;;;41-55;;
;;71;;;29-38;;
;;72;;;30-38;;
;;73;;;31-38;;
;;76;;;34-35-38;;
;;77;;;19-39;;
;;88;;;30-39;;
;;89;;;31-39;;
;;93;;;18-40;;
;;96-113;;;;;
;;;;;;;
;;;;;;;
;;;;;;;
;;;;;;;
;;;;;;;
;;;;;;;
;;;;;;;
;;;;;;;
;;;;;;;
;;;;;;;
;;;;;;;
;;;;;;;
;;;;;;;
;;;;;;;
;;;;;;;
;;;;;;;
;;;;;;;
;;;;;;;
;;;;;;;
;;;;;;;
;;;;;;;
;;;;;;;
;;;;;;;
;;;;;;;
;;;;;;;
;;;;;;;
;;;;;;;
;;;;;;;
;;;;;;;
;;;;;;;
;;;;;;;
;;;;;;;
;;;;;;;
;;;;;;;
;;;;;;;
;;;;;;;
;;;;;;;
;;;;;;;
;;;;;;;
;;;;;;;
;;;;;;;
;;;;;;;
;;;;;;;
;;;;;;;
;;;;;;;
;;;;;;;
;;;;;;;
;;;;;;;
;;;;;;;
;;;;;;;
;;;;;;;
;;;;;;;
;;;;;;;
;;;;;;;
;;;;;;;
;;;;;;;
;;;;;;;
;;;;;;;
;;;;;;;
;;;;;;;
;;;;;;;
;;;;;;;
;;;;;;;
;;;;;;;
;;;;;;;
;;;;;;;
;;;;;;;
;;;;;;;
;;;;;;;
;;;;;;;
;;;;;;;
;;;;;;;
;;;;;;;
;;;;;;;
;;;;;;;
;;;;;;;
;;;;;;;
;;;;;;;
;;;;;;;
;;;;;;;
;;;;;;;
;;;;;;;
;;;;;;;
;;;;;;;
;;;;;;;
;;;;;;;
;;;;;;;
;;;;;;;
;;;;;;;
;;;;;;;
;;;;;;;
;;;;;;;
;;;;;;;
;;;;;;;
;;;;;;;
;;;;;;;
;;;;;;;
;;;;;;;
;;;;;;;
;;;;;;;
;;;;;;;
;;;;;;;
;;;;;;;
;;;;;;;
;;;;;;;
;;;;;;;
;;;;;;;
;;;;;;;
;;;;;;;
;;;;;;;
;;;;;;;
;;;;;;;
;;;;;;;
;;;;;;;
;;;;;;;
;;;;;;;
;;;;;;;
;;;;;;;
;;;;;;;
;;;;;;;
;;;;;;;
;;;;;;;
;;;;;;;
;;;;;;;
;;;;;;;
;;;;;;;
;;;;;;;
;;;;;;;
;;;;;;;
;;;;;;;
;;;;;;;
;;;;;;;
;;;;;;;
;;;;;;;
;;;;;;;
;;;;;;;
;;;;;;;
;;;;;;;
;;;;;;;
;;;;;;;
;;;;;;;
;;;;;;;
;;;;;;;
;;;;;;;
;;;;;;;
;;;;;;;
;;;;;;;
;;;;;;;
;;;;;;;
;;;;;25-51;;
